{
  "Use Non-ASCII Font" : true,
  "Tags" : [

  ],
  "Ansi 12 Color" : {
    "Green Component" : 0.81066548824310303,
    "Red Component" : 0.43880558013916016,
    "Blue Component" : 0.99898606538772583
  },
  "Ansi 2 Color" : {
    "Green Component" : 0.94388872385025024,
    "Red Component" : 0.36202818155288696,
    "Blue Component" : 0.62042194604873657
  },
  "Draw Powerline Glyphs" : true,
  "Bold Color" : {
    "Green Component" : 0.91671288013458252,
    "Red Component" : 0.91654461622238159,
    "Blue Component" : 0.91648769378662109
  },
  "Normal Font" : "FiraMonoNerdFontComplete-Medium 16",
  "Link Color" : {
    "Red Component" : 0,
    "Color Space" : "sRGB",
    "Blue Component" : 0.73423302173614502,
    "Alpha Component" : 1,
    "Green Component" : 0.35916060209274292
  },
  "Ansi 3 Color" : {
    "Green Component" : 0.81672251224517822,
    "Red Component" : 0.99627053737640381,
    "Blue Component" : 0.19727933406829834
  },
  "Rows" : 25,
  "Default Bookmark" : "No",
  "Ansi 5 Color" : {
    "Green Component" : 0.13310989737510681,
    "Red Component" : 0.986469566822052,
    "Blue Component" : 0.43182668089866638
  },
  "Blend" : 0.89349226804123705,
  "Cursor Guide Color" : {
    "Red Component" : 0.70213186740875244,
    "Color Space" : "sRGB",
    "Blue Component" : 1,
    "Alpha Component" : 0.25,
    "Green Component" : 0.9268307089805603
  },
  "Non-ASCII Anti Aliased" : true,
  "Use Bright Bold" : true,
  "Ansi 10 Color" : {
    "Green Component" : 0.96712285280227661,
    "Red Component" : 0.67800694704055786,
    "Blue Component" : 0.74659085273742676
  },
  "Icon" : 1,
  "Ambiguous Double Width" : false,
  "Jobs to Ignore" : [
    "rlogin",
    "ssh",
    "slogin",
    "telnet"
  ],
  "Ansi 15 Color" : {
    "Green Component" : 0.99997437000274658,
    "Red Component" : 1,
    "Blue Component" : 0.99999129772186279
  },
  "Foreground Color" : {
    "Green Component" : 0.92142927646636963,
    "Red Component" : 0.90730977058410645,
    "Blue Component" : 0.93115901947021484
  },
  "Bound Hosts" : [

  ],
  "Working Directory" : "\/Users\/richban\/Developer",
  "Blinking Cursor" : true,
  "Disable Window Resizing" : true,
  "Sync Title" : false,
  "Prompt Before Closing 2" : false,
  "BM Growl" : true,
  "Mouse Reporting" : true,
  "Command" : "",
  "Description" : "Default",
  "Screen" : -1,
  "Selection Color" : {
    "Green Component" : 0.41462835669517517,
    "Red Component" : 0.30659490823745728,
    "Blue Component" : 0.47096589207649231
  },
  "Columns" : 80,
  "Idle Code" : 0,
  "Ansi 13 Color" : {
    "Green Component" : 0.40164706110954285,
    "Red Component" : 0.9887651801109314,
    "Blue Component" : 0.60766077041625977
  },
  "Custom Command" : "No",
  "ASCII Anti Aliased" : true,
  "Non Ascii Font" : "FiraCodeNerdFontComplete-Regular 12",
  "Vertical Spacing" : 1,
  "Use Bold Font" : true,
  "Option Key Sends" : 0,
  "Selected Text Color" : {
    "Green Component" : 0.92142927646636963,
    "Red Component" : 0.90730977058410645,
    "Blue Component" : 0.93115901947021484
  },
  "Background Color" : {
    "Red Component" : 0.027604557573795319,
    "Color Space" : "sRGB",
    "Blue Component" : 0.141357421875,
    "Alpha Component" : 1,
    "Green Component" : 0.10343976842362951
  },
  "Character Encoding" : 4,
  "Ansi 11 Color" : {
    "Green Component" : 0.88262283802032471,
    "Red Component" : 0.99765938520431519,
    "Blue Component" : 0.42511638998985291
  },
  "Non-ASCII Ligatures" : false,
  "Thin Strokes" : 4,
  "Use Italic Font" : true,
  "Unlimited Scrollback" : false,
  "Keyboard Map" : {
    "0xf700-0x260000" : {
      "Action" : 10,
      "Text" : "[1;6A"
    },
    "0x37-0x40000" : {
      "Action" : 11,
      "Text" : "0x1f"
    },
    "0x32-0x40000" : {
      "Action" : 11,
      "Text" : "0x00"
    },
    "0xf709-0x20000" : {
      "Action" : 10,
      "Text" : "[17;2~"
    },
    "0xf70c-0x20000" : {
      "Action" : 10,
      "Text" : "[20;2~"
    },
    "0xf729-0x20000" : {
      "Action" : 10,
      "Text" : "[1;2H"
    },
    "0xf72b-0x40000" : {
      "Action" : 10,
      "Text" : "[1;5F"
    },
    "0xf705-0x20000" : {
      "Action" : 10,
      "Text" : "[1;2Q"
    },
    "0xf703-0x260000" : {
      "Action" : 10,
      "Text" : "[1;6C"
    },
    "0xf700-0x220000" : {
      "Action" : 10,
      "Text" : "[1;2A"
    },
    "0xf701-0x280000" : {
      "Action" : 11,
      "Text" : "0x1b 0x1b 0x5b 0x42"
    },
    "0x38-0x40000" : {
      "Action" : 11,
      "Text" : "0x7f"
    },
    "0x33-0x40000" : {
      "Action" : 11,
      "Text" : "0x1b"
    },
    "0xf703-0x220000" : {
      "Action" : 10,
      "Text" : "[1;2C"
    },
    "0xf701-0x240000" : {
      "Action" : 10,
      "Text" : "[1;5B"
    },
    "0xf70d-0x20000" : {
      "Action" : 10,
      "Text" : "[21;2~"
    },
    "0xf702-0x260000" : {
      "Action" : 10,
      "Text" : "[1;6D"
    },
    "0xf729-0x40000" : {
      "Action" : 10,
      "Text" : "[1;5H"
    },
    "0xf706-0x20000" : {
      "Action" : 10,
      "Text" : "[1;2R"
    },
    "0x34-0x40000" : {
      "Action" : 11,
      "Text" : "0x1c"
    },
    "0xf700-0x280000" : {
      "Action" : 11,
      "Text" : "0x1b 0x1b 0x5b 0x41"
    },
    "0x2d-0x40000" : {
      "Action" : 11,
      "Text" : "0x1f"
    },
    "0xf70e-0x20000" : {
      "Action" : 10,
      "Text" : "[23;2~"
    },
    "0xf702-0x220000" : {
      "Action" : 10,
      "Text" : "[1;2D"
    },
    "0xf703-0x280000" : {
      "Action" : 11,
      "Text" : "0x1b 0x1b 0x5b 0x43"
    },
    "0xf700-0x240000" : {
      "Action" : 10,
      "Text" : "[1;5A"
    },
    "0xf707-0x20000" : {
      "Action" : 10,
      "Text" : "[1;2S"
    },
    "0xf70a-0x20000" : {
      "Action" : 10,
      "Text" : "[18;2~"
    },
    "0x35-0x40000" : {
      "Action" : 11,
      "Text" : "0x1d"
    },
    "0xf70f-0x20000" : {
      "Action" : 10,
      "Text" : "[24;2~"
    },
    "0xf703-0x240000" : {
      "Action" : 10,
      "Text" : "[1;5C"
    },
    "0xf701-0x260000" : {
      "Action" : 10,
      "Text" : "[1;6B"
    },
    "0xf702-0x280000" : {
      "Action" : 11,
      "Text" : "0x1b 0x1b 0x5b 0x44"
    },
    "0xf72b-0x20000" : {
      "Action" : 10,
      "Text" : "[1;2F"
    },
    "0x36-0x40000" : {
      "Action" : 11,
      "Text" : "0x1e"
    },
    "0xf708-0x20000" : {
      "Action" : 10,
      "Text" : "[15;2~"
    },
    "0xf701-0x220000" : {
      "Action" : 10,
      "Text" : "[1;2B"
    },
    "0xf70b-0x20000" : {
      "Action" : 10,
      "Text" : "[19;2~"
    },
    "0xf702-0x240000" : {
      "Action" : 10,
      "Text" : "[1;5D"
    },
    "0xf704-0x20000" : {
      "Action" : 10,
      "Text" : "[1;2P"
    }
  },
  "Window Type" : 0,
  "Blink Allowed" : false,
  "Cursor Type" : 0,
  "Background Image Location" : "",
  "Blur" : false,
  "Badge Color" : {
    "Red Component" : 1,
    "Color Space" : "sRGB",
    "Blue Component" : 0,
    "Alpha Component" : 0.5,
    "Green Component" : 0.1491314172744751
  },
  "Scrollback Lines" : 1000,
  "Send Code When Idle" : false,
  "Close Sessions On End" : true,
  "Terminal Type" : "xterm-256color",
  "Visual Bell" : true,
  "Flashing Bell" : false,
  "Silence Bell" : false,
  "Unicode Normalization" : 0,
  "Ansi 14 Color" : {
    "Green Component" : 1,
    "Red Component" : 0.60292786359786987,
    "Blue Component" : 0.90182536840438843
  },
  "Unicode Version" : 8,
  "ASCII Ligatures" : false,
  "Name" : "richban",
  "Cursor Text Color" : {
    "Green Component" : 0,
    "Red Component" : 0,
    "Blue Component" : 0
  },
  "Shortcut" : "",
  "Cursor Color" : {
    "Green Component" : 0.91671288013458252,
    "Red Component" : 0.91654461622238159,
    "Blue Component" : 0.91648769378662109
  },
  "Transparency" : 0,
  "Guid" : "A6D3C3D0-16E2-42A4-B916-781DA138636A",
  "Horizontal Spacing" : 0.79000000000000004,
  "Custom Directory" : "Yes",
  "Ansi 4 Color" : {
    "Green Component" : 0.7149810791015625,